As of Date,Fiscal Year,Region,Borrower Country,Borrower Country Code,Project ID,Project Name,Procurement Type,Procurement Category,Procurement Method,Product line,Major Sector,WB Contract Number,Contract Description,Contract Signing Date,Supplier,Supplier Country,Supplier Country Code,Total Contract Amount (USD),Borrower Contract Reference Number,Main Loan or Credit
2019-08-07T00:00:00.000,2000,AFR,Angola,AO,P000044,FINANCIAL INSTITUTIO,Implementation Activity,CONSULTANT SERVICES,Quality And Cost-Based Selection,IBRD/IDA,Financial Sector,1207736,OIL SECTOR STUDY - CONTRCT WITH KPMG,2000-11-20T00:00:00.000,KPMG INTERNATIONAL,United Kingdom,GB,-1600000,KPMG - 11/20/2000,
2019-08-07T00:00:00.000,2000,AFR,Angola,AO,P000044,FINANCIAL INSTITUTIO,Implementation Activity,CONSULTANT SERVICES,Quality And Cost-Based Selection,IBRD/IDA,Public Admin,1207736,OIL SECTOR STUDY - CONTRCT WITH KPMG,2000-11-20T00:00:00.000,KPMG INTERNATIONAL,United Kingdom,GB,3200000,KPMG - 11/20/2000,
2019-08-07T00:00:00.000,2000,AFR,Burkina Faso,BF,P000306,BF-Ouaga Water Suply (FY01),Preinvestment Activity,CONSULTANT SERVICES,Single Source Selection,IBRD/IDA,Water/Sanit/Waste,1117305,CONSULTANT SERVICES FOR CONTRACTS PREPARATION,1999-06-28T00:00:00.000,ICEA,France,FR,162643.21,18/ONEA/99,
2019-08-07T00:00:00.000,2000,AFR,Burkina Faso,BF,P000276,TRANSPORT SECAL,"Equipment, Telecommunications",GOODS,International Competitive Bidding,IBRD/IDA,Public Admin,1119184,SUPPLY & INSTALLATION OF OPTIC CABLE BTWN ABIDJAN & OUAGADOU,1999-08-31T00:00:00.000,CABLES PIRELLI S.A.,France,FR,4124340.34,139/SIT/IF/STS/BF/99,
2019-08-07T00:00:00.000,2000,AFR,Burkina Faso,BF,P000276,TRANSPORT SECAL,"Equipment, Telecommunications",GOODS,International Competitive Bidding,IBRD/IDA,Transportation,1119184,SUPPLY & INSTALLATION OF OPTIC CABLE BTWN ABIDJAN & OUAGADOU,1999-08-31T00:00:00.000,CABLES PIRELLI S.A.,France,FR,0,139/SIT/IF/STS/BF/99,
2019-08-07T00:00:00.000,2000,AFR,Madagascar,MG,P052186,MG-Microfinance,Implementation Activity,CONSULTANT SERVICES,Quality And Cost-Based Selection,IBRD/IDA,Financial Sector,1116602,APPUI AU DEVELOPPEMENT DU RESEAU OTIV (TOAMASINA),1999-09-17T00:00:00.000,DEVELOPMENT INTERNA.DESJARDINS,Canada,CA,0,1/01/10/99/AGEPMF/DID,
2019-08-07T00:00:00.000,2000,AFR,Madagascar,MG,P052186,MG-Microfinance,Implementation Activity,CONSULTANT SERVICES,Quality And Cost-Based Selection,IBRD/IDA,Public Admin,1116602,APPUI AU DEVELOPPEMENT DU RESEAU OTIV (TOAMASINA),1999-09-17T00:00:00.000,DEVELOPMENT INTERNA.DESJARDINS,Canada,CA,3929843.31,1/01/10/99/AGEPMF/DID,
2019-08-07T00:00:00.000,2000,AFR,Mali,ML,P046651,ML-Regional Power SIL (FY97),"Equipment, Transportation",GOODS,International Competitive Bidding,IBRD/IDA,Energy & Extractives,1120523,SUPPLY OF 10 FOUR WHEEL-DRIVE VEHICLES,1999-09-10T00:00:00.000,S.F.C.E.,France,FR,245423.33,1058/DG/SOGEM,
2019-08-07T00:00:00.000,2000,AFR,South Africa,ZA,P035923,ZA-GEF Cape Penninsula SIL (FY98),Implementation Activity,CONSULTANT SERVICES,Quality And Cost-Based Selection,GEF,Agriculture,1116066,"INSTITUTIONAL, LEGAL, POLICY, FINANCIAL, SOCIAL AND ECONOMIC",1999-07-06T00:00:00.000,CSIR,South Africa,ZA,-893007.8,WWF-SA-3,
2019-08-07T00:00:00.000,2000,AFR,South Africa,ZA,P035923,ZA-GEF Cape Penninsula SIL (FY98),Implementation Activity,CONSULTANT SERVICES,Quality And Cost-Based Selection,GEF,Industry & Trade/Ser,1116066,"INSTITUTIONAL, LEGAL, POLICY, FINANCIAL, SOCIAL AND ECONOMIC",1999-07-06T00:00:00.000,CSIR,South Africa,ZA,446503.9,WWF-SA-3,
2019-08-07T00:00:00.000,2000,AFR,South Africa,ZA,P035923,ZA-GEF Cape Penninsula SIL (FY98),Implementation Activity,CONSULTANT SERVICES,Quality And Cost-Based Selection,GEF,Public Admin,1116066,"INSTITUTIONAL, LEGAL, POLICY, FINANCIAL, SOCIAL AND ECONOMIC",1999-07-06T00:00:00.000,CSIR,South Africa,ZA,446503.9,WWF-SA-3,
2019-08-07T00:00:00.000,2000,AFR,South Africa,ZA,P035923,ZA-GEF Cape Penninsula SIL (FY98),Implementation Activity,CONSULTANT SERVICES,Quality And Cost-Based Selection,GEF,Social Protection,1116066,"INSTITUTIONAL, LEGAL, POLICY, FINANCIAL, SOCIAL AND ECONOMIC",1999-07-06T00:00:00.000,CSIR,South Africa,ZA,446503.9,WWF-SA-3,
2019-08-07T00:00:00.000,2000,AFR,Zambia,ZM,P003241,URBAN RESTRCT &WATER,Implementation Activity,CONSULTANT SERVICES,Quality And Cost-Based Selection,IBRD/IDA,Public Admin,1116997,URBAN LOCAL GOVERNMENT CAPACITY STRENGTHENING - PHASE II,1999-08-05T00:00:00.000,GRANT THORNTON ASSOCIATES LIMITED,Zambia,ZM,2293892,PHASE II-URB.LOCAL GOV'T CAPAC.,
2019-08-07T00:00:00.000,2000,AFR,Zambia,ZM,P003241,URBAN RESTRCT &WATER,Implementation Activity,CONSULTANT SERVICES,Quality And Cost-Based Selection,IBRD/IDA,Social Protection,1116997,URBAN LOCAL GOVERNMENT CAPACITY STRENGTHENING - PHASE II,1999-08-05T00:00:00.000,GRANT THORNTON ASSOCIATES LIMITED,Zambia,ZM,2293892,PHASE II-URB.LOCAL GOV'T CAPAC.,
2019-08-07T00:00:00.000,2000,AFR,Zambia,ZM,P003241,URBAN RESTRCT &WATER,Implementation Activity,CONSULTANT SERVICES,Quality And Cost-Based Selection,IBRD/IDA,Water/Sanit/Waste,1116997,URBAN LOCAL GOVERNMENT CAPACITY STRENGTHENING - PHASE II,1999-08-05T00:00:00.000,GRANT THORNTON ASSOCIATES LIMITED,Zambia,ZM,-2293892,PHASE II-URB.LOCAL GOV'T CAPAC.,
2019-08-07T00:00:00.000,2000,AFR,Zimbabwe,ZW,P003309,POWER III,"Equipment, Electrical",GOODS,Direct Selection,IBRD/IDA,Energy & Extractives,1117856,SPARE PARTS FOR MAJOR OVERHAULS OF THERMAL CYCLES SYSTEMS UN,1999-07-16T00:00:00.000,ANSALDO ENERGIA SPA,Italy,IT,0,G010/25,
2019-08-07T00:00:00.000,2000,AFR,Zimbabwe,ZW,P003309,POWER III,"Equipment, Electrical",GOODS,Direct Selection,IBRD/IDA,Public Admin,1117856,SPARE PARTS FOR MAJOR OVERHAULS OF THERMAL CYCLES SYSTEMS UN,1999-07-16T00:00:00.000,ANSALDO ENERGIA SPA,Italy,IT,395933,G010/25,
2019-08-07T00:00:00.000,2000,EAP,China,CN,P038988,CN - HEILONGJIANG ADP,"Works, Building",CIVIL WORKS,National Competitive Bidding,IBRD/IDA,Agriculture,1116924,CIVIL WORKS OF GEESE PROCESSING,1999-07-14T00:00:00.000,HEILONGJIANG HARBIN RAILWAY ENGINEERING CO.,China,CN,1205251.59,HW99004,
2019-08-07T00:00:00.000,2000,EAP,China,CN,P038988,CN - HEILONGJIANG ADP,"Works, Building",CIVIL WORKS,National Competitive Bidding,IBRD/IDA,Industry & Trade/Ser,1116924,CIVIL WORKS OF GEESE PROCESSING,1999-07-14T00:00:00.000,HEILONGJIANG HARBIN RAILWAY ENGINEERING CO.,China,CN,-1205251.59,HW99004,
2019-08-07T00:00:00.000,2000,EAP,China,CN,P038988,CN - HEILONGJIANG ADP,"Works, Building",CIVIL WORKS,National Competitive Bidding,IBRD/IDA,Public Admin,1116924,CIVIL WORKS OF GEESE PROCESSING,1999-07-14T00:00:00.000,HEILONGJIANG HARBIN RAILWAY ENGINEERING CO.,China,CN,401750.53,HW99004,
2019-08-07T00:00:00.000,2000,EAP,China,CN,P041890,CN-Liaoning Urban Transport,Implementation Activity,CONSULTANT SERVICES,Quality And Cost-Based Selection,IBRD/IDA,Public Admin,1209071,AREA TRAFFIC CONTRAL STUDY DESIGN,1999-09-02T00:00:00.000,WILBUR SMITH ASSOCIATES INC.,United States,US,119310,LUTP-99C3,
2019-08-07T00:00:00.000,2000,EAP,China,CN,P041890,CN-Liaoning Urban Transport,Implementation Activity,CONSULTANT SERVICES,Quality And Cost-Based Selection,IBRD/IDA,Transportation,1209071,AREA TRAFFIC CONTRAL STUDY DESIGN,1999-09-02T00:00:00.000,WILBUR SMITH ASSOCIATES INC.,United States,US,0,LUTP-99C3,
2019-08-07T00:00:00.000,2000,EAP,Thailand,TH,P004647,GEF-ELECTRICITY EGY,Implementation Activity,CONSULTANT SERVICES,Quality And Cost-Based Selection,GEF,Energy & Extractives,1117700,CONSULTING SERVICES FOR LOAD MANAGEMENT PROGRAM EVALUATION,1999-07-08T00:00:00.000,EDF- ELECTRICITE DE FRANCE,France,FR,290242.03,EGAT 47-N71261-7-1-48,
2019-08-07T00:00:00.000,2000,EAP,Thailand,TH,P004647,GEF-ELECTRICITY EGY,Implementation Activity,CONSULTANT SERVICES,Quality And Cost-Based Selection,GEF,Industry & Trade/Ser,1117700,CONSULTING SERVICES FOR LOAD MANAGEMENT PROGRAM EVALUATION,1999-07-08T00:00:00.000,EDF- ELECTRICITE DE FRANCE,France,FR,290242.03,EGAT 47-N71261-7-1-48,
2019-08-07T00:00:00.000,2000,EAP,Thailand,TH,P004647,GEF-ELECTRICITY EGY,Implementation Activity,CONSULTANT SERVICES,Quality And Cost-Based Selection,GEF,Public Admin,1117700,CONSULTING SERVICES FOR LOAD MANAGEMENT PROGRAM EVALUATION,1999-07-08T00:00:00.000,EDF- ELECTRICITE DE FRANCE,France,FR,-290242.03,EGAT 47-N71261-7-1-48,
2019-08-07T00:00:00.000,2000,ECA,Bulgaria,BG,P008318,HEALTH SECT RESTRUCT,"Equipment, Telecommunications",GOODS,Shopping,IBRD/IDA,Health,1201728,"LCD MULTIMEDIA PROJECTOR, FLUORESCENT PROJECTOR, FLIP CHART,",1999-11-22T00:00:00.000,FTS LTD,Bulgaria,BG,0,FTS LTD,
2019-08-07T00:00:00.000,2000,ECA,Bulgaria,BG,P008318,HEALTH SECT RESTRUCT,"Equipment, Telecommunications",GOODS,Shopping,IBRD/IDA,Public Admin,1201728,"LCD MULTIMEDIA PROJECTOR, FLUORESCENT PROJECTOR, FLIP CHART,",1999-11-22T00:00:00.000,FTS LTD,Bulgaria,BG,30281.52,FTS LTD,
2019-08-07T00:00:00.000,2000,ECA,Russian Federation,RU,P008803,EGY EFF,"Equipment, Energy Exploration, Productio",GOODS,Shopping,IBRD/IDA,Energy & Extractives,1118309,HOT WATER SUPPLY AND HEATING SYSTEM CONTROL AND LIMITING DEV,1999-06-22T00:00:00.000,GERMEKO,Russian Federation,RU,108000,EEP/SEMCLD009/000,
2019-08-07T00:00:00.000,2000,LCR,Bolivia,BO,P006181,BO- EDUCATION REFORM,Policy and Strategy,CONSULTANT SERVICES,Selection Based On Consultant's Qualific,IBRD/IDA,Education,1215190,RESPONSABLE DEL AREA CONTRAPARTE GTZ,1999-07-05T00:00:00.000,FREDY FERRUFINO,Bolivia,BO,0,FREDY FERRUFINO,
2019-08-07T00:00:00.000,2000,LCR,Bolivia,BO,P006181,BO- EDUCATION REFORM,Policy and Strategy,CONSULTANT SERVICES,Selection Based On Consultant's Qualific,IBRD/IDA,Public Admin,1215190,RESPONSABLE DEL AREA CONTRAPARTE GTZ,1999-07-05T00:00:00.000,FREDY FERRUFINO,Bolivia,BO,12999,FREDY FERRUFINO,
2019-08-07T00:00:00.000,2000,LCR,Bolivia,BO,P006181,BO- EDUCATION REFORM,Policy and Strategy,CONSULTANT SERVICES,Selection Based On Consultant's Qualific,IBRD/IDA,Education,1215192,PROFESIONAL CONTRAPARTE CONTABLE,1999-07-05T00:00:00.000,JULIO ANDRES QUEVEDO,Bolivia,BO,0,JULIO ANDRES QUEVEDO,
2019-08-07T00:00:00.000,2000,LCR,Bolivia,BO,P006181,BO- EDUCATION REFORM,Policy and Strategy,CONSULTANT SERVICES,Selection Based On Consultant's Qualific,IBRD/IDA,Public Admin,1215192,PROFESIONAL CONTRAPARTE CONTABLE,1999-07-05T00:00:00.000,JULIO ANDRES QUEVEDO,Bolivia,BO,8449.8,JULIO ANDRES QUEVEDO,
2019-08-07T00:00:00.000,2000,LCR,St. Lucia,LC,P038698,ST. LUCIA BASIC EDUCATION REFORM PROJECT,"Equipment, Educational",GOODS,Shopping,IBRD/IDA,Education,1119573,DIGITAL COPIER (LOCAL PURCHASE),1999-07-01T00:00:00.000,J. E. BERGASSE & COMPANY LIMITED,St. Lucia,LC,0,J.E. BERGASSE & CO.,
2019-08-07T00:00:00.000,2000,LCR,St. Lucia,LC,P038698,ST. LUCIA BASIC EDUCATION REFORM PROJECT,"Equipment, Educational",GOODS,Shopping,IBRD/IDA,Public Admin,1119573,DIGITAL COPIER (LOCAL PURCHASE),1999-07-01T00:00:00.000,J. E. BERGASSE & COMPANY LIMITED,St. Lucia,LC,36400,J.E. BERGASSE & CO.,
2019-08-07T00:00:00.000,2000,MNA,Morocco,MA,P042415,SPI - HEALTH,"Pharmaceuticals, Medical Products",GOODS,International Competitive Bidding,IBRD/IDA,Health,1123439,"PURCHASE OF MEDICINE (FEFOL CAPSULES, MINIDRIL, MICROVAL)",1999-06-09T00:00:00.000,LABORATOIRES MAPHAR,Morocco,MA,1897277.71,AO 10/98-99/DP MEDICINE,
2019-08-07T00:00:00.000,2000,MNA,Tunisia,TN,P005743,CLOSED - Secondary Education,"Equipment, Educational",GOODS,International Competitive Bidding,IBRD/IDA,Education,1115237,DMS DIDALAB,1999-09-24T00:00:00.000,DMS DIDALAB FRANCE,France,FR,-1603991.13,AOI 15/3786/BIRD/99,
2019-08-07T00:00:00.000,2000,MNA,Tunisia,TN,P005743,CLOSED - Secondary Education,"Equipment, Educational",GOODS,International Competitive Bidding,IBRD/IDA,Public Admin,1115237,DMS DIDALAB,1999-09-24T00:00:00.000,DMS DIDALAB FRANCE,France,FR,3207982.26,AOI 15/3786/BIRD/99,
2019-08-07T00:00:00.000,2000,MNA,Tunisia,TN,P005743,CLOSED - Secondary Education,"Equipment, Educational",GOODS,International Competitive Bidding,IBRD/IDA,Education,1115238,MATELCO,1999-09-24T00:00:00.000,MATELCO,France,FR,-1635250.16,AOI 15/3786/BIRD/99,
2019-08-07T00:00:00.000,2000,MNA,Tunisia,TN,P005743,CLOSED - Secondary Education,"Equipment, Educational",GOODS,International Competitive Bidding,IBRD/IDA,Public Admin,1115238,MATELCO,1999-09-24T00:00:00.000,MATELCO,France,FR,3270500.32,AOI 15/3786/BIRD/99,
2019-08-07T00:00:00.000,2000,MNA,Tunisia,TN,P005743,CLOSED - Secondary Education,"Equipment, Educational",GOODS,International Competitive Bidding,IBRD/IDA,Education,1115239,JEULIN,1999-09-02T00:00:00.000,JEULIN,France,FR,-1133194.93,AOI 15/3786/BIRD/99,
2019-08-07T00:00:00.000,2000,MNA,Tunisia,TN,P005743,CLOSED - Secondary Education,"Equipment, Educational",GOODS,International Competitive Bidding,IBRD/IDA,Public Admin,1115239,JEULIN,1999-09-02T00:00:00.000,JEULIN,France,FR,2266389.86,AOI 15/3786/BIRD/99,
2019-08-07T00:00:00.000,2000,MNA,Tunisia,TN,P005743,CLOSED - Secondary Education,"Equipment, Educational",GOODS,International Competitive Bidding,IBRD/IDA,Education,1115240,PIERRON,1999-10-05T00:00:00.000,PIERRON,France,FR,-329813.32,AOI 15/3786/BIRD/99,
2019-08-07T00:00:00.000,2000,MNA,Tunisia,TN,P005743,CLOSED - Secondary Education,"Equipment, Educational",GOODS,International Competitive Bidding,IBRD/IDA,Public Admin,1115240,PIERRON,1999-10-05T00:00:00.000,PIERRON,France,FR,659626.64,AOI 15/3786/BIRD/99,
2019-08-07T00:00:00.000,2000,MNA,Tunisia,TN,P005743,CLOSED - Secondary Education,"Equipment, Educational",GOODS,International Competitive Bidding,IBRD/IDA,Education,1115241,SBE - TUNIS,1999-09-27T00:00:00.000,SBE - TUNIS,Tunisia,TN,-161198.06,AOI 15/3786/BIRD/99,
2019-08-07T00:00:00.000,2000,MNA,Tunisia,TN,P005743,CLOSED - Secondary Education,"Equipment, Educational",GOODS,International Competitive Bidding,IBRD/IDA,Public Admin,1115241,SBE - TUNIS,1999-09-27T00:00:00.000,SBE - TUNIS,Tunisia,TN,322396.12,AOI 15/3786/BIRD/99,
2019-08-07T00:00:00.000,2000,MNA,Tunisia,TN,P005743,CLOSED - Secondary Education,"Equipment, Educational",GOODS,International Competitive Bidding,IBRD/IDA,Education,1115242,ETS. DR. AUZOUX,1999-09-08T00:00:00.000,ETS. DR. AUZOUX,France,FR,-119844.67,AOI 15/3786/BIRD/99,
2019-08-07T00:00:00.000,2000,MNA,Tunisia,TN,P005743,CLOSED - Secondary Education,"Equipment, Educational",GOODS,International Competitive Bidding,IBRD/IDA,Public Admin,1115242,ETS. DR. AUZOUX,1999-09-08T00:00:00.000,ETS. DR. AUZOUX,France,FR,239689.34,AOI 15/3786/BIRD/99,
2019-08-07T00:00:00.000,2000,MNA,Tunisia,TN,P005743,CLOSED - Secondary Education,"Equipment, Educational",GOODS,International Competitive Bidding,IBRD/IDA,Education,1115243,FORMEDIA,1999-09-16T00:00:00.000,FORMEDIA,Luxembourg,LU,-142902.93,AOI 15/3786/BIRD/99,
2019-08-07T00:00:00.000,2000,MNA,Tunisia,TN,P005743,CLOSED - Secondary Education,"Equipment, Educational",GOODS,International Competitive Bidding,IBRD/IDA,Public Admin,1115243,FORMEDIA,1999-09-16T00:00:00.000,FORMEDIA,Luxembourg,LU,285805.86,AOI 15/3786/BIRD/99,
2019-08-07T00:00:00.000,2000,MNA,Tunisia,TN,P005743,CLOSED - Secondary Education,"Equipment, Educational",GOODS,International Competitive Bidding,IBRD/IDA,Education,1115244,PROMAFRIQUE,1999-08-31T00:00:00.000,PROMAFRIQUE,Tunisia,TN,-72232.15,AOI 15/3786/BIRD/99,
2019-08-07T00:00:00.000,2000,MNA,Tunisia,TN,P005743,CLOSED - Secondary Education,"Equipment, Educational",GOODS,International Competitive Bidding,IBRD/IDA,Public Admin,1115244,PROMAFRIQUE,1999-08-31T00:00:00.000,PROMAFRIQUE,Tunisia,TN,144464.3,AOI 15/3786/BIRD/99,
2019-08-07T00:00:00.000,2000,MNA,Tunisia,TN,P005743,CLOSED - Secondary Education,"Equipment, Educational",GOODS,International Competitive Bidding,IBRD/IDA,Education,1115246,SET - FRANCE,1999-09-20T00:00:00.000,S.E.T. FRANCE,France,FR,-12442.67,AOI 15/3786/BIRD/99,
2019-08-07T00:00:00.000,2000,MNA,Tunisia,TN,P005743,CLOSED - Secondary Education,"Equipment, Educational",GOODS,International Competitive Bidding,IBRD/IDA,Public Admin,1115246,SET - FRANCE,1999-09-20T00:00:00.000,S.E.T. FRANCE,France,FR,24885.34,AOI 15/3786/BIRD/99,
2019-08-07T00:00:00.000,2000,MNA,Tunisia,TN,P005743,CLOSED - Secondary Education,Implementation Activity,CONSULTANT SERVICES,Quality And Cost-Based Selection,IBRD/IDA,Education,1119452,COMPOSANTE 1 - ASSISTANCE TECHNIQUE � LA D.G.F.C.,1999-09-09T00:00:00.000,PRO-INVEST TUNIS,Tunisia,TN,-122330.57,CONSULTATION DU 2 DECEMBRE 1998,
2019-08-07T00:00:00.000,2000,MNA,Tunisia,TN,P005743,CLOSED - Secondary Education,Implementation Activity,CONSULTANT SERVICES,Quality And Cost-Based Selection,IBRD/IDA,Public Admin,1119452,COMPOSANTE 1 - ASSISTANCE TECHNIQUE � LA D.G.F.C.,1999-09-09T00:00:00.000,PRO-INVEST TUNIS,Tunisia,TN,244661.14,CONSULTATION DU 2 DECEMBRE 1998,
2019-08-07T00:00:00.000,2000,MNA,Tunisia,TN,P005743,CLOSED - Secondary Education,Implementation Activity,CONSULTANT SERVICES,Quality And Cost-Based Selection,IBRD/IDA,Education,1119453,COMPOSANTE 2 - ASSISTANCE TECHNIQUE � L'I.N.B.M.I,1999-10-26T00:00:00.000,POLE EUROPEEN - FRANCE,France,FR,-95353.26,CONSULTATION DU 2 DECEMBRE 1998,
2019-08-07T00:00:00.000,2000,MNA,Tunisia,TN,P005743,CLOSED - Secondary Education,Implementation Activity,CONSULTANT SERVICES,Quality And Cost-Based Selection,IBRD/IDA,Public Admin,1119453,COMPOSANTE 2 - ASSISTANCE TECHNIQUE � L'I.N.B.M.I,1999-10-26T00:00:00.000,POLE EUROPEEN - FRANCE,France,FR,190706.52,CONSULTATION DU 2 DECEMBRE 1998,
2019-08-07T00:00:00.000,2000,MNA,Tunisia,TN,P005743,CLOSED - Secondary Education,Implementation Activity,CONSULTANT SERVICES,Quality And Cost-Based Selection,IBRD/IDA,Education,1119459,COMPOSANTE 3 - ASSISTANCE TECHNIQUE � L'INSE ET � LA DGFC,1999-09-02T00:00:00.000,BCEOM,France,FR,-238035.08,CONSULTATION DU 2 DECEMBRE 1998,
2019-08-07T00:00:00.000,2000,MNA,Tunisia,TN,P005743,CLOSED - Secondary Education,Implementation Activity,CONSULTANT SERVICES,Quality And Cost-Based Selection,IBRD/IDA,Public Admin,1119459,COMPOSANTE 3 - ASSISTANCE TECHNIQUE � L'INSE ET � LA DGFC,1999-09-02T00:00:00.000,BCEOM,France,FR,476070.16,CONSULTATION DU 2 DECEMBRE 1998,
2019-08-07T00:00:00.000,2000,MNA,Tunisia,TN,P050418,TN-ASIL 2,"Equipment, Agricultural",GOODS,International Competitive Bidding,IBRD/IDA,Agriculture,1120935,FOURNITURE DES CONSUITES ET PIECES SPECIALES,1999-07-07T00:00:00.000,ABDELMALEK ABDELMALEK,Tunisia,TN,772275.9,7/99,
2019-08-07T00:00:00.000,2000,MNA,Tunisia,TN,P050418,TN-ASIL 2,"Equipment, Agricultural",GOODS,International Competitive Bidding,IBRD/IDA,Public Admin,1120935,FOURNITURE DES CONSUITES ET PIECES SPECIALES,1999-07-07T00:00:00.000,ABDELMALEK ABDELMALEK,Tunisia,TN,386137.95,7/99,
2019-08-07T00:00:00.000,2000,MNA,Tunisia,TN,P050418,TN-ASIL 2,"Equipment, Agricultural",GOODS,International Competitive Bidding,IBRD/IDA,Water/Sanit/Waste,1120935,FOURNITURE DES CONSUITES ET PIECES SPECIALES,1999-07-07T00:00:00.000,ABDELMALEK ABDELMALEK,Tunisia,TN,-772275.9,7/99,
2019-08-07T00:00:00.000,2000,MNA,Tunisia,TN,P050418,TN-ASIL 2,"Works, Maintenance and Rehabilitation",CIVIL WORKS,National Competitive Bidding,IBRD/IDA,Agriculture,1120169,DRAINAGE WORKS - UTIQUE SECTOR 3 (LOTS 1 AND 2),1999-07-07T00:00:00.000,GTS,Tunisia,TN,1887144.26,9/99,
2019-08-07T00:00:00.000,2000,MNA,Tunisia,TN,P050418,TN-ASIL 2,"Works, Maintenance and Rehabilitation",CIVIL WORKS,National Competitive Bidding,IBRD/IDA,Public Admin,1120169,DRAINAGE WORKS - UTIQUE SECTOR 3 (LOTS 1 AND 2),1999-07-07T00:00:00.000,GTS,Tunisia,TN,943572.13,9/99,
2019-08-07T00:00:00.000,2000,MNA,Tunisia,TN,P050418,TN-ASIL 2,"Works, Maintenance and Rehabilitation",CIVIL WORKS,National Competitive Bidding,IBRD/IDA,Water/Sanit/Waste,1120169,DRAINAGE WORKS - UTIQUE SECTOR 3 (LOTS 1 AND 2),1999-07-07T00:00:00.000,GTS,Tunisia,TN,-1887144.26,9/99,
2019-08-07T00:00:00.000,2000,AFR,Benin,BJ,P000116,ECONOMIC MANAGEMENT PROJECT,Equipment Information Technology,GOODS,National Competitive Bidding,IBRD/IDA,Public Admin,1118451,PURCHASE OF COMPUTERS,,MIB SARL,Benin,BJ,66495.31,220/PREPE/DC/SG/DNPP/PAGE,
2019-08-07T00:00:00.000,2000,AFR,Benin,BJ,P000116,ECONOMIC MANAGEMENT PROJECT,Implementation Activity,CONSULTANT SERVICES,Quality And Cost-Based Selection,IBRD/IDA,Public Admin,1118201,ESTABLISHMENT OF MODEL FOR ECONOMIC BUDGETING,1999-08-02T00:00:00.000,SORCA MANAGEMENT CONSULTANTS,Belgium,BE,135114.14,219/MPREPE/DC/SG/DNPP/PAGE,
2019-08-07T00:00:00.000,2000,AFR,Benin,BJ,P000121,RURAL WATER SUPPLY AND SANITATION,"Works, Infrastructure",CIVIL WORKS,National Competitive Bidding,IBRD/IDA,Public Admin,1116980,DRILLING OF 29 BOREHOLES IN ZOU,1999-08-12T00:00:00.000,SOCAFOR,Benin,BJ,184113.74,18/99/MMEH/DC/DH,
2019-08-07T00:00:00.000,2000,AFR,Benin,BJ,P000121,RURAL WATER SUPPLY AND SANITATION,"Works, Infrastructure",CIVIL WORKS,National Competitive Bidding,IBRD/IDA,Social Protection,1116980,DRILLING OF 29 BOREHOLES IN ZOU,1999-08-12T00:00:00.000,SOCAFOR,Benin,BJ,184113.74,18/99/MMEH/DC/DH,
2019-08-07T00:00:00.000,2000,AFR,Benin,BJ,P000121,RURAL WATER SUPPLY AND SANITATION,"Works, Infrastructure",CIVIL WORKS,National Competitive Bidding,IBRD/IDA,Water/Sanit/Waste,1116980,DRILLING OF 29 BOREHOLES IN ZOU,1999-08-12T00:00:00.000,SOCAFOR,Benin,BJ,-184113.74,18/99/MMEH/DC/DH,
2019-08-07T00:00:00.000,2000,AFR,Benin,BJ,P000121,RURAL WATER SUPPLY AND SANITATION,"Works, Infrastructure",CIVIL WORKS,National Competitive Bidding,IBRD/IDA,Public Admin,1118411,DRILLING OF 50 BOREHOLES IN ZOU,1999-08-10T00:00:00.000,FORAG SA,Benin,BJ,289510.22,17/99/MMEH/DC/DH,
2019-08-07T00:00:00.000,2000,AFR,Benin,BJ,P000121,RURAL WATER SUPPLY AND SANITATION,"Works, Infrastructure",CIVIL WORKS,National Competitive Bidding,IBRD/IDA,Social Protection,1118411,DRILLING OF 50 BOREHOLES IN ZOU,1999-08-10T00:00:00.000,FORAG SA,Benin,BJ,289510.22,17/99/MMEH/DC/DH,
2019-08-07T00:00:00.000,2000,AFR,Benin,BJ,P000121,RURAL WATER SUPPLY AND SANITATION,"Works, Infrastructure",CIVIL WORKS,National Competitive Bidding,IBRD/IDA,Water/Sanit/Waste,1118411,DRILLING OF 50 BOREHOLES IN ZOU,1999-08-10T00:00:00.000,FORAG SA,Benin,BJ,-289510.22,17/99/MMEH/DC/DH,
2019-08-07T00:00:00.000,2000,AFR,Madagascar,MG,P056487,MG -MINING PROJECT,Preinvestment Activity,CONSULTANT SERVICES,Quality And Cost-Based Selection,IBRD/IDA,Energy & Extractives,1118503,PHASE 1 TECHNICAL ASSISTANCE FOR PREPARATION OF THE MINING C,,DUNCAN & ALLEN,United States,US,0,3111 MAG NO01/99/MEM/SG/DG/UCP/P,
2019-08-07T00:00:00.000,2000,AFR,Madagascar,MG,P056487,MG -MINING PROJECT,Preinvestment Activity,CONSULTANT SERVICES,Quality And Cost-Based Selection,IBRD/IDA,Public Admin,1118503,PHASE 1 TECHNICAL ASSISTANCE FOR PREPARATION OF THE MINING C,,DUNCAN & ALLEN,United States,US,47876,3111 MAG NO01/99/MEM/SG/DG/UCP/P,
2019-08-07T00:00:00.000,2000,AFR,Malawi,MW,P001670,MW-Secondary Education (Fy98),"Equipment, Educational",GOODS,International Competitive Bidding,IBRD/IDA,Education,1116144,SUPPLY AND DELIVERY OF TEXTBOOKS,1999-07-27T00:00:00.000,B H BLACKWELL'S,United Kingdom,GB,-2708612.47,IFB NO. 4533,
2019-08-07T00:00:00.000,2000,AFR,Malawi,MW,P001670,MW-Secondary Education (Fy98),"Equipment, Educational",GOODS,International Competitive Bidding,IBRD/IDA,Health,1116144,SUPPLY AND DELIVERY OF TEXTBOOKS,1999-07-27T00:00:00.000,B H BLACKWELL'S,United Kingdom,GB,2708612.47,IFB NO. 4533,
2019-08-07T00:00:00.000,2000,AFR,Malawi,MW,P001670,MW-Secondary Education (Fy98),"Equipment, Educational",GOODS,International Competitive Bidding,IBRD/IDA,Public Admin,1116144,SUPPLY AND DELIVERY OF TEXTBOOKS,1999-07-27T00:00:00.000,B H BLACKWELL'S,United Kingdom,GB,2708612.47,IFB NO. 4533,
2019-08-07T00:00:00.000,2000,EAP,"Korea, Republic",KR,P056796,KR-FIN. & CORP. RES. AS,Implementation Activity,CONSULTANT SERVICES,Quality And Cost-Based Selection,IBRD/IDA,Financial Sector,1117733,EXPANSION OF NUMBER OF COMPANIES IN WORKOUT,1999-07-06T00:00:00.000,ARTHUR ANDERSEN & CO.,United Kingdom,GB,2293563,ARTHUR ANDERSEN,
2019-08-07T00:00:00.000,2000,EAP,"Korea, Republic",KR,P056796,KR-FIN. & CORP. RES. AS,Implementation Activity,CONSULTANT SERVICES,Quality And Cost-Based Selection,IBRD/IDA,Industry & Trade/Ser,1117733,EXPANSION OF NUMBER OF COMPANIES IN WORKOUT,1999-07-06T00:00:00.000,ARTHUR ANDERSEN & CO.,United Kingdom,GB,-4587126,ARTHUR ANDERSEN,
2019-08-07T00:00:00.000,2000,EAP,"Korea, Republic",KR,P056796,KR-FIN. & CORP. RES. AS,Implementation Activity,CONSULTANT SERVICES,Quality And Cost-Based Selection,IBRD/IDA,Public Admin,1117733,EXPANSION OF NUMBER OF COMPANIES IN WORKOUT,1999-07-06T00:00:00.000,ARTHUR ANDERSEN & CO.,United Kingdom,GB,4587126,ARTHUR ANDERSEN,
2019-08-07T00:00:00.000,2000,EAP,Philippines,PH,P039022,PH-LGU URBAN WATER APL1,"Works, Infrastructure",CIVIL WORKS,National Competitive Bidding,IBRD/IDA,Public Admin,1122601,CIVIL WORKS OF AURORA WATER SUPPLY SYSTEM,1999-07-14T00:00:00.000,VINHAR CONSTRUCTION,Philippines,PH,392543.54,AURORA WATER SUPPLY SYSTEM,
2019-08-07T00:00:00.000,2000,EAP,Philippines,PH,P039022,PH-LGU URBAN WATER APL1,"Works, Infrastructure",CIVIL WORKS,National Competitive Bidding,IBRD/IDA,Transportation,1122601,CIVIL WORKS OF AURORA WATER SUPPLY SYSTEM,1999-07-14T00:00:00.000,VINHAR CONSTRUCTION,Philippines,PH,392543.54,AURORA WATER SUPPLY SYSTEM,
2019-08-07T00:00:00.000,2000,EAP,Philippines,PH,P039022,PH-LGU URBAN WATER APL1,"Works, Infrastructure",CIVIL WORKS,National Competitive Bidding,IBRD/IDA,Water/Sanit/Waste,1122601,CIVIL WORKS OF AURORA WATER SUPPLY SYSTEM,1999-07-14T00:00:00.000,VINHAR CONSTRUCTION,Philippines,PH,-392543.54,AURORA WATER SUPPLY SYSTEM,
2019-08-07T00:00:00.000,2000,EAP,Philippines,PH,P039022,PH-LGU URBAN WATER APL1,"Works, Infrastructure",CIVIL WORKS,National Competitive Bidding,IBRD/IDA,Public Admin,1122602,CIVIL WORKS OF CABATUAN WATER SUPPLY SYSTEM,1999-07-15T00:00:00.000,VINHAR CONSTRUCTION,Philippines,PH,650999.02,CABATUAN WATER SUPPLY SYSTEM,
2019-08-07T00:00:00.000,2000,EAP,Philippines,PH,P039022,PH-LGU URBAN WATER APL1,"Works, Infrastructure",CIVIL WORKS,National Competitive Bidding,IBRD/IDA,Transportation,1122602,CIVIL WORKS OF CABATUAN WATER SUPPLY SYSTEM,1999-07-15T00:00:00.000,VINHAR CONSTRUCTION,Philippines,PH,650999.02,CABATUAN WATER SUPPLY SYSTEM,
2019-08-07T00:00:00.000,2000,EAP,Philippines,PH,P039022,PH-LGU URBAN WATER APL1,"Works, Infrastructure",CIVIL WORKS,National Competitive Bidding,IBRD/IDA,Water/Sanit/Waste,1122602,CIVIL WORKS OF CABATUAN WATER SUPPLY SYSTEM,1999-07-15T00:00:00.000,VINHAR CONSTRUCTION,Philippines,PH,-650999.02,CABATUAN WATER SUPPLY SYSTEM,
2019-08-07T00:00:00.000,2000,EAP,Philippines,PH,P039022,PH-LGU URBAN WATER APL1,"Works, Infrastructure",CIVIL WORKS,National Competitive Bidding,IBRD/IDA,Public Admin,1122604,CIVIL WORKS OF LUNA WATER SUPPLY SYSTEM,1999-07-15T00:00:00.000,VINHAR CONSTRUCTION,Philippines,PH,275609.68,LUNA WATER SUPPLY SYSTEM,
2019-08-07T00:00:00.000,2000,EAP,Philippines,PH,P039022,PH-LGU URBAN WATER APL1,"Works, Infrastructure",CIVIL WORKS,National Competitive Bidding,IBRD/IDA,Transportation,1122604,CIVIL WORKS OF LUNA WATER SUPPLY SYSTEM,1999-07-15T00:00:00.000,VINHAR CONSTRUCTION,Philippines,PH,275609.68,LUNA WATER SUPPLY SYSTEM,
2019-08-07T00:00:00.000,2000,EAP,Philippines,PH,P039022,PH-LGU URBAN WATER APL1,"Works, Infrastructure",CIVIL WORKS,National Competitive Bidding,IBRD/IDA,Water/Sanit/Waste,1122604,CIVIL WORKS OF LUNA WATER SUPPLY SYSTEM,1999-07-15T00:00:00.000,VINHAR CONSTRUCTION,Philippines,PH,-275609.68,LUNA WATER SUPPLY SYSTEM,
2019-08-07T00:00:00.000,2000,EAP,Philippines,PH,P039022,PH-LGU URBAN WATER APL1,"Works, Infrastructure",CIVIL WORKS,National Competitive Bidding,IBRD/IDA,Public Admin,1122606,CIVIL WORKS OF MALLIG WATER SUPPLY SYSTEM,1999-07-14T00:00:00.000,VINHAR CONSTRUCTION,Philippines,PH,260298.46,MALLIG WATER SUPPLY SYSTEM,
2019-08-07T00:00:00.000,2000,EAP,Philippines,PH,P039022,PH-LGU URBAN WATER APL1,"Works, Infrastructure",CIVIL WORKS,National Competitive Bidding,IBRD/IDA,Transportation,1122606,CIVIL WORKS OF MALLIG WATER SUPPLY SYSTEM,1999-07-14T00:00:00.000,VINHAR CONSTRUCTION,Philippines,PH,260298.46,MALLIG WATER SUPPLY SYSTEM,
2019-08-07T00:00:00.000,2000,EAP,Philippines,PH,P039022,PH-LGU URBAN WATER APL1,"Works, Infrastructure",CIVIL WORKS,National Competitive Bidding,IBRD/IDA,Water/Sanit/Waste,1122606,CIVIL WORKS OF MALLIG WATER SUPPLY SYSTEM,1999-07-14T00:00:00.000,VINHAR CONSTRUCTION,Philippines,PH,-260298.46,MALLIG WATER SUPPLY SYSTEM,
2019-08-07T00:00:00.000,2000,EAP,Philippines,PH,P039022,PH-LGU URBAN WATER APL1,"Works, Infrastructure",CIVIL WORKS,National Competitive Bidding,IBRD/IDA,Public Admin,1122608,CIVIL WORKS OF QUEZON WATER SUPPLY SYSTEM,1999-07-15T00:00:00.000,VINHAR CONSTRUCTION,Philippines,PH,526785.81,QUEZON WATER SUPPLY SYSTEM,
2019-08-07T00:00:00.000,2000,EAP,Philippines,PH,P039022,PH-LGU URBAN WATER APL1,"Works, Infrastructure",CIVIL WORKS,National Competitive Bidding,IBRD/IDA,Transportation,1122608,CIVIL WORKS OF QUEZON WATER SUPPLY SYSTEM,1999-07-15T00:00:00.000,VINHAR CONSTRUCTION,Philippines,PH,526785.81,QUEZON WATER SUPPLY SYSTEM,
2019-08-07T00:00:00.000,2000,EAP,Philippines,PH,P039022,PH-LGU URBAN WATER APL1,"Works, Infrastructure",CIVIL WORKS,National Competitive Bidding,IBRD/IDA,Water/Sanit/Waste,1122608,CIVIL WORKS OF QUEZON WATER SUPPLY SYSTEM,1999-07-15T00:00:00.000,VINHAR CONSTRUCTION,Philippines,PH,-526785.81,QUEZON WATER SUPPLY SYSTEM,
2019-08-07T00:00:00.000,2000,EAP,Philippines,PH,P039022,PH-LGU URBAN WATER APL1,"Works, Infrastructure",CIVIL WORKS,National Competitive Bidding,IBRD/IDA,Public Admin,1122609,CIVIL WORKS OF SAN MATEO WATER SUPPLY SYSTEM,1999-07-14T00:00:00.000,VINHAR CONSTRUCTION,Philippines,PH,720892.54,SAN MATEO WATER SUPPLY SYSTEM,
2019-08-07T00:00:00.000,2000,EAP,Philippines,PH,P039022,PH-LGU URBAN WATER APL1,"Works, Infrastructure",CIVIL WORKS,National Competitive Bidding,IBRD/IDA,Transportation,1122609,CIVIL WORKS OF SAN MATEO WATER SUPPLY SYSTEM,1999-07-14T00:00:00.000,VINHAR CONSTRUCTION,Philippines,PH,720892.54,SAN MATEO WATER SUPPLY SYSTEM,
2019-08-07T00:00:00.000,2000,EAP,Philippines,PH,P039022,PH-LGU URBAN WATER APL1,"Works, Infrastructure",CIVIL WORKS,National Competitive Bidding,IBRD/IDA,Water/Sanit/Waste,1122609,CIVIL WORKS OF SAN MATEO WATER SUPPLY SYSTEM,1999-07-14T00:00:00.000,VINHAR CONSTRUCTION,Philippines,PH,-720892.54,SAN MATEO WATER SUPPLY SYSTEM,
2019-08-07T00:00:00.000,2000,EAP,Philippines,PH,P039022,PH-LGU URBAN WATER APL1,"Works, Infrastructure",CIVIL WORKS,National Competitive Bidding,IBRD/IDA,Public Admin,1122611,CIVIL WORKS OF SAPANG DALAGA WATER SUPPLY SYSTEM,,C.T. LEONCIO TRADING & CONSTRUCTION,Philippines,PH,197522.87,SAPANG DALAGA WATER SUPPLY SYSTE,
2019-08-07T00:00:00.000,2000,EAP,Philippines,PH,P039022,PH-LGU URBAN WATER APL1,"Works, Infrastructure",CIVIL WORKS,National Competitive Bidding,IBRD/IDA,Transportation,1122611,CIVIL WORKS OF SAPANG DALAGA WATER SUPPLY SYSTEM,,C.T. LEONCIO TRADING & CONSTRUCTION,Philippines,PH,197522.87,SAPANG DALAGA WATER SUPPLY SYSTE,
2019-08-07T00:00:00.000,2000,EAP,Philippines,PH,P039022,PH-LGU URBAN WATER APL1,"Works, Infrastructure",CIVIL WORKS,National Competitive Bidding,IBRD/IDA,Water/Sanit/Waste,1122611,CIVIL WORKS OF SAPANG DALAGA WATER SUPPLY SYSTEM,,C.T. LEONCIO TRADING & CONSTRUCTION,Philippines,PH,-197522.87,SAPANG DALAGA WATER SUPPLY SYSTE,
2019-08-07T00:00:00.000,2000,EAP,Samoa,WS,P052293,WS-Infrastructure Asset Management,"Equipment, Transportation",GOODS,International Competitive Bidding,IBRD/IDA,Public Admin,1116913,AERIAL PHOTOGRAPHY AND MAPPING OF SOMOA,1999-08-20T00:00:00.000,"AIRSEARCH MAPPING PTY LTD., BRISBANE, AUSTRALIA",Australia,AU,288500.12,PN98-C2.01,
2019-08-07T00:00:00.000,2000,EAP,Samoa,WS,P052293,WS-Infrastructure Asset Management,"Equipment, Transportation",GOODS,International Competitive Bidding,IBRD/IDA,Transportation,1116913,AERIAL PHOTOGRAPHY AND MAPPING OF SOMOA,1999-08-20T00:00:00.000,"AIRSEARCH MAPPING PTY LTD., BRISBANE, AUSTRALIA",Australia,AU,0,PN98-C2.01,
2019-08-07T00:00:00.000,2000,EAP,Thailand,TH,P004800,TH-Highways V,Implementation Activity,CONSULTANT SERVICES,Quality And Cost-Based Selection,IBRD/IDA,Public Admin,1115695,ACTION PLANS COORDINATION AND PILOT STUDIES ON ROAD SAFETY,1999-07-07T00:00:00.000,SWEDISH NATIONAL ROAD CONSULTING AB,Sweden,SE,553871.21,NO CONTRACT NUMBER,
2019-08-07T00:00:00.000,2000,EAP,Thailand,TH,P004800,TH-Highways V,Implementation Activity,CONSULTANT SERVICES,Quality And Cost-Based Selection,IBRD/IDA,Public Admin,1115695,ACTION PLANS COORDINATION AND PILOT STUDIES ON ROAD SAFETY,1999-07-07T00:00:00.000,"ASIA ENGINEERING CONSULTANTS CORP., LTD.",Thailand,TH,553871.21,NO CONTRACT NUMBER,
2019-08-07T00:00:00.000,2000,EAP,Thailand,TH,P004800,TH-Highways V,Implementation Activity,CONSULTANT SERVICES,Quality And Cost-Based Selection,IBRD/IDA,Public Admin,1115695,ACTION PLANS COORDINATION AND PILOT STUDIES ON ROAD SAFETY,1999-07-07T00:00:00.000,"TRANS CONSULT CO., LTD.",Thailand,TH,553871.2,NO CONTRACT NUMBER,
2019-08-07T00:00:00.000,2000,EAP,Thailand,TH,P004800,TH-Highways V,Implementation Activity,CONSULTANT SERVICES,Quality And Cost-Based Selection,IBRD/IDA,Transportation,1115695,ACTION PLANS COORDINATION AND PILOT STUDIES ON ROAD SAFETY,1999-07-07T00:00:00.000,SWEDISH NATIONAL ROAD CONSULTING AB,Sweden,SE,0,NO CONTRACT NUMBER,
2019-08-07T00:00:00.000,2000,EAP,Vietnam,VN,P004834,IRRIGATION REHABILITATION PROJECT,"Equipment, Agricultural",GOODS,International Competitive Bidding,IBRD/IDA,Agriculture,1119482,SOUTH NGHE AN: SUPPLY OF PUMPS FOR HUNG DONG PUMPING STATION,1999-09-29T00:00:00.000,KIRLOSKAR BROTHERS LTD,India,IN,0,HDIP-1/1,
2019-08-07T00:00:00.000,2000,EAP,Vietnam,VN,P004834,IRRIGATION REHABILITATION PROJECT,"Equipment, Agricultural",GOODS,International Competitive Bidding,IBRD/IDA,Public Admin,1119482,SOUTH NGHE AN: SUPPLY OF PUMPS FOR HUNG DONG PUMPING STATION,1999-09-29T00:00:00.000,KIRLOSKAR BROTHERS LTD,India,IN,240627,HDIP-1/1,
2019-08-07T00:00:00.000,2000,ECA,Armenia,AM,P035765,HIGHWAY,"Works, Maintenance and Rehabilitation",CIVIL WORKS,International Competitive Bidding,IBRD/IDA,Public Admin,1117689,REPAIR AND REHABILITATION OF THE PUSHKIN TUNNEL,1999-08-30T00:00:00.000,TUNNELMETROSHIN,Armenia,AM,1350737.21,CM-3T/99,
2019-08-07T00:00:00.000,2000,ECA,Armenia,AM,P035765,HIGHWAY,"Works, Maintenance and Rehabilitation",CIVIL WORKS,International Competitive Bidding,IBRD/IDA,Transportation,1117689,REPAIR AND REHABILITATION OF THE PUSHKIN TUNNEL,1999-08-30T00:00:00.000,TUNNELMETROSHIN,Armenia,AM,0,CM-3T/99,
2019-08-07T00:00:00.000,2000,ECA,Armenia,AM,P035765,HIGHWAY,"Works, Maintenance and Rehabilitation",CIVIL WORKS,International Competitive Bidding,IBRD/IDA,Public Admin,1117690,OVERLAY (MARKARA-ECHMIADZIN-SPITAK-GEORGIAN BORDER),1999-07-26T00:00:00.000,"""CHANAPARH"" CLOSED JOINT-STOCK CO.",Armenia,AM,307897.9,CM-3/99,
2019-08-07T00:00:00.000,2000,ECA,Armenia,AM,P035765,HIGHWAY,"Works, Maintenance and Rehabilitation",CIVIL WORKS,International Competitive Bidding,IBRD/IDA,Transportation,1117690,OVERLAY (MARKARA-ECHMIADZIN-SPITAK-GEORGIAN BORDER),1999-07-26T00:00:00.000,"""CHANAPARH"" CLOSED JOINT-STOCK CO.",Armenia,AM,0,CM-3/99,
2019-08-07T00:00:00.000,2000,ECA,Lithuania,LT,P036011,KLAIPEDA GEOTHERMAL,"Equipment, Construction",GOODS,International Competitive Bidding,IBRD/IDA,Energy & Extractives,1121414,SUPPLY OF TANKS FOR GEOTHERMAL WATER,1999-07-19T00:00:00.000,UAB MONTUOTOJAS,Lithuania,LT,245802.83,KGDP-107/TWH,
2019-08-07T00:00:00.000,2000,LCR,Argentina,AR,P006057,AR-SECONDARY EDUCATION 2,Equipment Information Technology,GOODS,Direct Selection,IBRD/IDA,Education,1201459,654 LICENCES FOR SOFTWARE LEARNING-SPACE,1999-07-16T00:00:00.000,LOTUS DEVELOPMENT CORPORATION,Argentina,AR,0,NO. 015/99: LOTUS DEVELOPMENT CO,
2019-08-07T00:00:00.000,2000,LCR,Argentina,AR,P006057,AR-SECONDARY EDUCATION 2,Equipment Information Technology,GOODS,Direct Selection,IBRD/IDA,Public Admin,1201459,654 LICENCES FOR SOFTWARE LEARNING-SPACE,1999-07-16T00:00:00.000,LOTUS DEVELOPMENT CORPORATION,Argentina,AR,181527.23,NO. 015/99: LOTUS DEVELOPMENT CO,
2019-08-07T00:00:00.000,2000,LCR,Honduras,HN,P007398,HN Rural Land Mgmt (+ JSDF Coffee Mkts),"Works, Maintenance and Rehabilitation",CIVIL WORKS,National Competitive Bidding,IBRD/IDA,Agriculture,1120987,EMERGENCY REPAIRS OF CHANNEL GARCIA LEFT BORDER,1999-07-12T00:00:00.000,CONSTRUCTORA MARCHETTI,Honduras,HN,0,HON/96/004/202-99,
2019-08-07T00:00:00.000,2000,LCR,Honduras,HN,P007398,HN Rural Land Mgmt (+ JSDF Coffee Mkts),"Works, Maintenance and Rehabilitation",CIVIL WORKS,National Competitive Bidding,IBRD/IDA,Public Admin,1120987,EMERGENCY REPAIRS OF CHANNEL GARCIA LEFT BORDER,1999-07-12T00:00:00.000,CONSTRUCTORA MARCHETTI,Honduras,HN,631671.36,HON/96/004/202-99,
2019-08-07T00:00:00.000,2000,LCR,Peru,PE,P040125,PE-FONCODES II,Equipment Information Technology,GOODS,National Competitive Bidding,IBRD/IDA,Energy & Extractives,1121947,ADQUISICION DE EQUIPOS DE PROCESAMIENTO DE DATOS,1999-08-04T00:00:00.000,"OLIVETTI PERUANA, S.A.",Peru,PE,184170.91,LPN 01/99 OLIVETTI PERUANA S.A.,
2019-08-07T00:00:00.000,2000,LCR,Peru,PE,P040125,PE-FONCODES II,Equipment Information Technology,GOODS,National Competitive Bidding,IBRD/IDA,Public Admin,1121947,ADQUISICION DE EQUIPOS DE PROCESAMIENTO DE DATOS,1999-08-04T00:00:00.000,"OLIVETTI PERUANA, S.A.",Peru,PE,184170.91,LPN 01/99 OLIVETTI PERUANA S.A.,
2019-08-07T00:00:00.000,2000,LCR,Peru,PE,P040125,PE-FONCODES II,Equipment Information Technology,GOODS,National Competitive Bidding,IBRD/IDA,Social Protection,1121947,ADQUISICION DE EQUIPOS DE PROCESAMIENTO DE DATOS,1999-08-04T00:00:00.000,"OLIVETTI PERUANA, S.A.",Peru,PE,-552512.73,LPN 01/99 OLIVETTI PERUANA S.A.,
2019-08-07T00:00:00.000,2000,LCR,Peru,PE,P040125,PE-FONCODES II,Equipment Information Technology,GOODS,National Competitive Bidding,IBRD/IDA,Transportation,1121947,ADQUISICION DE EQUIPOS DE PROCESAMIENTO DE DATOS,1999-08-04T00:00:00.000,"OLIVETTI PERUANA, S.A.",Peru,PE,184170.91,LPN 01/99 OLIVETTI PERUANA S.A.,
2019-08-07T00:00:00.000,2000,LCR,Peru,PE,P040125,PE-FONCODES II,Equipment Information Technology,GOODS,National Competitive Bidding,IBRD/IDA,Water/Sanit/Waste,1121947,ADQUISICION DE EQUIPOS DE PROCESAMIENTO DE DATOS,1999-08-04T00:00:00.000,"OLIVETTI PERUANA, S.A.",Peru,PE,184170.91,LPN 01/99 OLIVETTI PERUANA S.A.,
2019-08-07T00:00:00.000,2000,LCR,Peru,PE,P040125,PE-FONCODES II,Equipment Information Technology,GOODS,National Competitive Bidding,IBRD/IDA,Energy & Extractives,1121949,ADQUISICION DE EQUIPOS DE FOTOCOPIADO,1999-08-04T00:00:00.000,"OLIVETTI PERUANA, S.A.",Peru,PE,152570.91,LPN 02-99:  OLIVETTI PERUANA S.A,
2019-08-07T00:00:00.000,2000,LCR,Peru,PE,P040125,PE-FONCODES II,Equipment Information Technology,GOODS,National Competitive Bidding,IBRD/IDA,Public Admin,1121949,ADQUISICION DE EQUIPOS DE FOTOCOPIADO,1999-08-04T00:00:00.000,"OLIVETTI PERUANA, S.A.",Peru,PE,152570.91,LPN 02-99:  OLIVETTI PERUANA S.A,
2019-08-07T00:00:00.000,2000,LCR,Peru,PE,P040125,PE-FONCODES II,Equipment Information Technology,GOODS,National Competitive Bidding,IBRD/IDA,Social Protection,1121949,ADQUISICION DE EQUIPOS DE FOTOCOPIADO,1999-08-04T00:00:00.000,"OLIVETTI PERUANA, S.A.",Peru,PE,-457712.73,LPN 02-99:  OLIVETTI PERUANA S.A,
2019-08-07T00:00:00.000,2000,LCR,Peru,PE,P040125,PE-FONCODES II,Equipment Information Technology,GOODS,National Competitive Bidding,IBRD/IDA,Transportation,1121949,ADQUISICION DE EQUIPOS DE FOTOCOPIADO,1999-08-04T00:00:00.000,"OLIVETTI PERUANA, S.A.",Peru,PE,152570.91,LPN 02-99:  OLIVETTI PERUANA S.A,
2019-08-07T00:00:00.000,2000,LCR,Peru,PE,P040125,PE-FONCODES II,Equipment Information Technology,GOODS,National Competitive Bidding,IBRD/IDA,Water/Sanit/Waste,1121949,ADQUISICION DE EQUIPOS DE FOTOCOPIADO,1999-08-04T00:00:00.000,"OLIVETTI PERUANA, S.A.",Peru,PE,152570.91,LPN 02-99:  OLIVETTI PERUANA S.A,
2019-08-07T00:00:00.000,2000,LCR,Peru,PE,P040125,PE-FONCODES II,Equipment Information Technology,GOODS,National Competitive Bidding,IBRD/IDA,Energy & Extractives,1121950,ADQUISICION DE EQUIPOS DE FOTOCOPIADO,,XEROX DEL PERU S.A.,Peru,PE,35268.96,LPN 02-99:  OLIVETTI PERUANA S.A,
2019-08-07T00:00:00.000,2000,LCR,Peru,PE,P040125,PE-FONCODES II,Equipment Information Technology,GOODS,National Competitive Bidding,IBRD/IDA,Public Admin,1121950,ADQUISICION DE EQUIPOS DE FOTOCOPIADO,,XEROX DEL PERU S.A.,Peru,PE,35268.96,LPN 02-99:  OLIVETTI PERUANA S.A,
2019-08-07T00:00:00.000,2000,LCR,Peru,PE,P040125,PE-FONCODES II,Equipment Information Technology,GOODS,National Competitive Bidding,IBRD/IDA,Social Protection,1121950,ADQUISICION DE EQUIPOS DE FOTOCOPIADO,,XEROX DEL PERU S.A.,Peru,PE,-105806.88,LPN 02-99:  OLIVETTI PERUANA S.A,
2019-08-07T00:00:00.000,2000,LCR,Peru,PE,P040125,PE-FONCODES II,Equipment Information Technology,GOODS,National Competitive Bidding,IBRD/IDA,Transportation,1121950,ADQUISICION DE EQUIPOS DE FOTOCOPIADO,,XEROX DEL PERU S.A.,Peru,PE,35268.96,LPN 02-99:  OLIVETTI PERUANA S.A,
2019-08-07T00:00:00.000,2000,LCR,Peru,PE,P040125,PE-FONCODES II,Equipment Information Technology,GOODS,National Competitive Bidding,IBRD/IDA,Water/Sanit/Waste,1121950,ADQUISICION DE EQUIPOS DE FOTOCOPIADO,,XEROX DEL PERU S.A.,Peru,PE,35268.96,LPN 02-99:  OLIVETTI PERUANA S.A,
2019-08-07T00:00:00.000,2000,SAR,Bangladesh,BD,P009518,Second Rural Roads & Markets Improvement,"Works, Maintenance and Rehabilitation",CIVIL WORKS,National Competitive Bidding,IBRD/IDA,Industry & Trade/Ser,1202660,FDR-16/98-99: 1998 FLOOD DAMAGE WORKS,1999-10-31T00:00:00.000,MITALEE CONSTRUCTION,Bangladesh,BD,294731.29,FDR-16/98-99: 1998 FLOOD DAMAGE,
2019-08-07T00:00:00.000,2000,SAR,Bangladesh,BD,P009518,Second Rural Roads & Markets Improvement,"Works, Maintenance and Rehabilitation",CIVIL WORKS,National Competitive Bidding,IBRD/IDA,Public Admin,1202660,FDR-16/98-99: 1998 FLOOD DAMAGE WORKS,1999-10-31T00:00:00.000,MITALEE CONSTRUCTION,Bangladesh,BD,294731.29,FDR-16/98-99: 1998 FLOOD DAMAGE,
2019-08-07T00:00:00.000,2000,SAR,Bangladesh,BD,P009518,Second Rural Roads & Markets Improvement,"Works, Maintenance and Rehabilitation",CIVIL WORKS,National Competitive Bidding,IBRD/IDA,Transportation,1202660,FDR-16/98-99: 1998 FLOOD DAMAGE WORKS,1999-10-31T00:00:00.000,MITALEE CONSTRUCTION,Bangladesh,BD,-294731.29,FDR-16/98-99: 1998 FLOOD DAMAGE,
2019-08-07T00:00:00.000,2000,SAR,India,IN,P035824,Div Agri Support,"Works, Infrastructure",CIVIL WORKS,National Competitive Bidding,IBRD/IDA,Agriculture,1202806,PACKAGE MRT-11 COSTRUCTION OF RURAL ROADS IN BAGHPAT DISTRIC,1999-09-10T00:00:00.000,M/S TOMAR CONSTRUCTION CO.,India,IN,456954.33,WBR - 72,
2019-08-07T00:00:00.000,2000,SAR,India,IN,P035824,Div Agri Support,"Works, Infrastructure",CIVIL WORKS,National Competitive Bidding,IBRD/IDA,Industry & Trade/Ser,1202806,PACKAGE MRT-11 COSTRUCTION OF RURAL ROADS IN BAGHPAT DISTRIC,1999-09-10T00:00:00.000,M/S TOMAR CONSTRUCTION CO.,India,IN,456954.33,WBR - 72,
2019-08-07T00:00:00.000,2000,SAR,India,IN,P035824,Div Agri Support,"Works, Infrastructure",CIVIL WORKS,National Competitive Bidding,IBRD/IDA,Public Admin,1202806,PACKAGE MRT-11 COSTRUCTION OF RURAL ROADS IN BAGHPAT DISTRIC,1999-09-10T00:00:00.000,M/S TOMAR CONSTRUCTION CO.,India,IN,-913908.66,WBR - 72,
2019-08-07T00:00:00.000,2000,SAR,India,IN,P035824,Div Agri Support,"Works, Infrastructure",CIVIL WORKS,National Competitive Bidding,IBRD/IDA,Transportation,1202806,PACKAGE MRT-11 COSTRUCTION OF RURAL ROADS IN BAGHPAT DISTRIC,1999-09-10T00:00:00.000,M/S TOMAR CONSTRUCTION CO.,India,IN,456954.33,WBR - 72,
2019-08-07T00:00:00.000,2000,SAR,India,IN,P010511,MALARIA CONTROL,Agricultural Inputs,GOODS,International Competitive Bidding,IBRD/IDA,Health,1202042,SYNTHETIC PYRETHROIDS - 225.92 M/T [BASED ON 2.5% W.D.P.],1999-07-22T00:00:00.000,M/S. BAYER,India,IN,-3688377.95,WBR NO. 6,
2019-08-07T00:00:00.000,2000,SAR,India,IN,P010511,MALARIA CONTROL,Agricultural Inputs,GOODS,International Competitive Bidding,IBRD/IDA,Public Admin,1202042,SYNTHETIC PYRETHROIDS - 225.92 M/T [BASED ON 2.5% W.D.P.],1999-07-22T00:00:00.000,M/S. BAYER,India,IN,7376755.9,WBR NO. 6,
2019-08-07T00:00:00.000,2000,SAR,India,IN,P010511,MALARIA CONTROL,Agricultural Inputs,GOODS,International Competitive Bidding,IBRD/IDA,Health,1202046,SYNTHETIC PYRETHROIDS - 221.0 M/T [BASED ON 2.5% W.D.P.],1999-07-22T00:00:00.000,M/S. AGREVO INDIA LTD.,India,IN,-3606838.12,WBR NO. 6/1,
2019-08-07T00:00:00.000,2000,SAR,India,IN,P010511,MALARIA CONTROL,Agricultural Inputs,GOODS,International Competitive Bidding,IBRD/IDA,Public Admin,1202046,SYNTHETIC PYRETHROIDS - 221.0 M/T [BASED ON 2.5% W.D.P.],1999-07-22T00:00:00.000,M/S. AGREVO INDIA LTD.,India,IN,7213676.24,WBR NO. 6/1,
2019-08-07T00:00:00.000,2000,SAR,India,IN,P010511,MALARIA CONTROL,Agricultural Inputs,GOODS,International Competitive Bidding,IBRD/IDA,Health,1202047,SYNTHETIC PYRETHROIDS - 143.605 M/T [BASED ON 2.5% W.D.P.],1999-07-22T00:00:00.000,ZENECA AGROCHEMICALS,India,IN,-2342559.82,WBR NO. 6/2,
2019-08-07T00:00:00.000,2000,SAR,India,IN,P010511,MALARIA CONTROL,Agricultural Inputs,GOODS,International Competitive Bidding,IBRD/IDA,Public Admin,1202047,SYNTHETIC PYRETHROIDS - 143.605 M/T [BASED ON 2.5% W.D.P.],1999-07-22T00:00:00.000,ZENECA AGROCHEMICALS,India,IN,4685119.64,WBR NO. 6/2,
2019-08-07T00:00:00.000,2000,SAR,India,IN,P035825,STATE HEALTH SYS II,"Works, Building",CIVIL WORKS,National Competitive Bidding,IBRD/IDA,Health,1202294,CIVIL WORKS INCLUDING ELECTRICAL/ WATER / SANITARY WORKS FOR,1999-09-13T00:00:00.000,DEVELOPMENT INVESTORS LTD.,India,IN,0,WBR NO. 315,
